0,Charity Lowe,Elvis Has Left The Building
0,Nettie Calderon,Back to Square One
0,Christoper Bolton,Don't Count Your Chickens Before They Hatch
1,Antone Buckley,Needle In a Haystack
1,Alissa Reeves,Quick On the Draw
1,Keneth Ayala,Keep Your Shirt On
2,Edith Weaver,Mountain Out of a Molehill
2,Cristina Zavala,A Fool and His Money are Soon Parted
2,Nikki Vance,If You Can't Stand the Heat, Get Out of the Kitchen
3,Lyle Montes,Burst Your Bubble
3,Robyn Benson,Between a Rock and a Hard Place
3,Alicia Crosby,You Can't Judge a Book By Its Cover
4,Raymundo Macias,Back To the Drawing Board
4,Wayne Miles,Every Cloud Has a Silver Lining
4,Estela Page,Don't Count Your Chickens Before They Hatch
4,Marietta Rosario,They both did it at the same time.
